AccNum,Xtnd,Lon,Lat,Zmin,Zmax,NmnlArea,TermType,,
1,0,-90.83,79.5,56,1782,38.7,0,,
2,0,-90.97,79.43,715,1165,0.61,0,,
3,0,-99.13,79.95,70,267,85,0,,
4,0,-82.5,75.33,0,1800,1695.1,0,,
5,0,-64.5,81.95,850,900,7.6,0,,
6,0,-69.92,69.66,400,1500,8.6,0,,
7,0,-79.17,75.9,20,530,4.3,0,,
8,0,-116.58,51.67,2125,3185,13.4,0,,
9,0,-121.02,48.37,1630,2140,2.5,2,,
10,0,-123.68,47.82,1235,2380,5.5,0,,
11,0,-145.427,63.281,1160,2460,19.3,0,,
12,0,-148.908,60.412,400,1700,17.7,0,,
13,0,-143.848,69.302,1320,2700,7.4,0,,
14,0,8.03,46.5,1555,4158,127.4,0,,
15,0,18.57,67.9,1135,1720,3.24,0,,
16,0,-76.58,81.45,300,1700,4.7,0,,
17,0,-115.02,75.42,490,715,66,0,,
18,0,-72.42,69.78,365,951,266.6,0,,
19,0,-72.42,69.73,365,951,409.1,0,,
20,0,-73.6,70.2,244,1128,3090,0,,
21,1,-73.488,70.018,244,1128,5863,2,,
22,0,8.13,61.57,1400,2102,5.1,0,,
23,0,7.13,61.72,313,1952,46.6,0,,
24,0,17.85,68.33,850,1200,2.2,0,,
25,0,12.07,78.88,50,650,5.8,0,,
26,0,11.83,78.88,60,600,6.1,0,,
27,0,-45.35,61.43,1080,1630,1.9,0,,
28,0,-52.13,65.6,517,1040,20.8,0,,
29,0,13.75,66.67,89,1574,38.7,0,,
30,0,-131.06,56.955,610,2190,91.9,0,,
31,0,66.03,67.58,827,1180,0.8,0,,
32,0,87.75,50.08,2229,3714,3.8,0,,
33,0,161.72,54.83,280,1200,8.8,0,,
34,0,95.49,79.35,40,728,1817,0,,
35,0,-65.27,67.58,750,1350,1.4,0,,
36,0,13,78.75,0,850,102,1,,
37,0,15.17,77.85,100,900,33.8,0,,
38,0,13.94,78.05,100,500,1.9,0,,
39,0,15.5,78.2,270,1030,3.3,0,,
40,0,15.6,78.15,320,945,4.2,0,,
41,0,16.262,78.702,130,740,4.36,0,,
42,0,18.5,78.1,100,560,4.7,0,,
43,0,-146.95,63.52,815,4003,323,0,,
44,0,-147.38,63.52,845,3591,311,0,,
45,0,-146.78,63.43,880,-999,46,0,,
46,0,-146.54,63.35,930,5284,68,0,,
47,0,-71.3,82.2,410,1850,480,0,,
48,0,-18.38,65.59,940,1300,1.7,0,,
49,0,-18.75,64.92,860,1800,90.6,0,,
50,0,10.55,46.65,2790,3150,0.4,0,,
51,0,14.07,66.66,850,1250,3.9,-9,,
52,0,6.46,60.15,1100,1570,8.7,0,,
53,0,7.37,60.53,1020,1865,17.3,0,,
54,0,5.65,61.75,903,1382,4.5,0,,
55,0,8.43,61.57,1482,2229,2.9,0,,
56,0,8.6,61.65,1833,2283,2.1,0,,
57,0,17.9,68.23,970,1850,5.9,-9,,
58,0,18,68.1,1210,1540,0.7,0,,
59,0,7.27,61.83,1130,1730,4.2,0,,
60,0,7.08,61.6,540,1930,50.1,0,,
61,0,7.486,60.639,1460,1570,1.5,-9,,
62,0,8.45,61.53,1570,2230,9,0,,
63,0,8.5,61.55,1630,2250,8.7,0,,
64,0,6.8,61.5,80,1740,12,0,,
65,0,14.45,66.72,900,1300,1.6,0,,
66,0,13.65,66.45,590,1170,2.6,0,,
67,0,14.356,66.015,1090,1760,1.1,-9,,
68,0,13.95,66.85,870,1110,2.2,-9,,
69,0,6.28,59.98,850,1640,45.7,0,,
70,0,6.34,60.04,480,1635,10.7,0,,
71,0,15.4,77.08,27,810,28,0,,
72,0,15.67,77.08,0,600,66,1,,
73,0,14,66.67,520,1580,62.4,-9,,
74,0,14.02,66.72,580,1260,4.9,0,,
75,0,5.68,61.75,940,1320,3.3,-9,,
76,0,14.37,66.23,730,1750,14,0,,
77,0,7.35,61.8,1200,1747,10.6,2,,
78,0,21.77,70.12,302,1050,3.2,0,,
79,0,7.45,61.61,1260,1770,27.9,0,,
80,0,13.77,66.55,770,1420,5.5,1,,
81,0,18.55,67.9,1071,1700,3.9,0,,
82,0,18.32,68.35,940,1500,1.2,0,,
83,0,18.08,68.08,1125,1456,4.65,0,,
84,0,18.65,67.93,1390,1710,0.9,0,,
85,0,-45.92,60.25,900,1300,1.4,0,,
86,0,-145.13,60.55,112,1164,54.1,0,,
87,0,-139.3,60,50,2490,28,0,,
88,0,-147.1,61,0,3353,1070,1,,
89,0,-148.97,61.25,732,1769,31.6,0,,
90,0,-118.05,51.12,1920,2670,3.9,0,,
91,0,-122.6,50.43,1850,2610,3.8,0,,
92,0,-122.98,49.9,1530,2100,2,0,,
93,0,-116.18,51.85,2560,3020,1.8,0,,
94,0,-130.82,57.1,1190,1820,5.8,0,,
95,0,-130.684,56.975,1390,2010,3.6,0,,
96,0,-123.58,50.87,1520,2750,112.8,2,,
97,0,-123.58,50.87,1529,2750,25.4,0,,
98,0,-123.57,50.82,1400,2900,88.1,2,,
99,0,-123.42,50.8,2010,2500,6.5,0,,
100,0,-123,49.97,1770,2150,2.9,0,,
101,0,-125.2,51.33,500,3900,66.224,0,,
102,0,-124.92,51.43,1480,2740,10.5,0,,
103,0,-137.77,59.68,670,1980,25.5,0,,
104,0,6.17,45.12,2830,3190,0.8,0,,
105,0,6.93,45.88,1480,3600,33,0,,
106,0,6.17,45.18,2650,3463,3,0,,
107,0,6.93,45.97,1550,3100,15.6,0,,
108,0,10.7,46.45,2857,3350,4.8,0,,
109,0,10.98,47.42,2560,2820,0.3,0,,
110,0,8.33,46.43,2370,3373,6.3,2,,
111,0,8.98,46.82,2190,3421,2.55,0,,
112,0,10.08,46.85,2428,3160,3.2,0,,
113,0,8.4,46.62,2125,3620,17.4,0,,
114,0,10.758,46.8,2398,3710,9.76,0,,
115,0,10.791,46.842,2720,3490,4.2,0,,
116,0,11.02,46.8,2450,3420,3.5,0,,
117,0,12.6,47.13,2550,3030,1.8,0,,
118,0,10.82,46.88,2748,3627,9.6,0,,
119,0,12.59,47.13,2789,2920,0.2,0,,
120,0,10.17,46.87,2408,3160,4.1,0,,
121,0,65.8,67.63,395,650,0.3,0,,
122,0,77.1,43,3403,4219,2.8,0,,
123,0,42.77,43.2,2698,3990,3.1,0,,
124,0,78.3,42.1,3292,4280,4.6,0,,
125,0,43,43.17,2080,5050,36.2,0,,
126,0,43.05,43.07,3340,3980,1.6,-9,,
127,0,43.83,42.75,2200,4460,9.8,0,,
128,0,74.498,42.454,3315,4291,5.6,0,,
129,0,77.12,43.01,3450,4420,1.7,0,,
130,0,77.1,43.02,3570,4070,0.4,0,,
131,0,77.1,43.04,3610,4190,0.4,0,,
132,0,77.11,43.02,3570,4000,0.4,0,,
133,0,77.09,43.01,3448,4150,1.4,0,,
134,0,77.12,43.03,3480,4120,0.3,0,,
135,0,77.08,43.03,3710,4370,0.1,0,,
136,0,77.08,43.04,3480,3850,0.3,0,,
137,0,41.17,43.33,2490,3160,3.3,0,,
138,0,41.67,43.17,2270,3240,2.7,0,,
139,0,71.63,39.65,3650,4960,24.64,0,,
140,0,158.82,53.23,880,2050,1.8,0,,
141,0,160.73,58.03,790,1770,14.2,0,,
142,0,158.17,52.47,1460,1950,1.4,0,,
143,0,158.15,52.45,1500,1800,1.1,0,,
144,0,42.87,43.23,3100,4342,3.3,0,,
145,0,43.75,42.75,2950,4300,3.8,-9,,
146,0,70.12,39.37,3600,4340,1.5,0,,
147,0,78.18,41.83,3860,4800,3.6,0,,
148,0,78.17,41.83,3780,4980,11.4,0,,
149,0,87.72,50.08,2561,4043,6.5,0,,
150,0,160.03,54.32,1025,1300,0.6,0,,
151,0,80.23,45.08,3126,4463,2.8,0,,
152,0,77.78,41.78,3895,4496,1.2,0,,
153,0,42.47,43.3,3316,5000,4.5,0,,
154,0,87.7,50.1,3025,3550,0.8,0,,
155,0,77.77,41.85,3864,4433,0.5,0,,
156,0,87.73,50.08,2500,3750,4.8,0,,
157,0,11.87,46.43,2475,3340,1.5,0,,
158,0,86.82,43.12,3746,4476,1.9,0,,
159,0,97.75,39.25,4295,5088,2.8,0,,
160,0,101.75,37.55,4200,5024,1.4,0,,
161,0,98.57,39.23,4420,5262,1.6,0,,
162,0,96.55,39.43,4260,5481,21.4,0,,
163,0,88.68,27.95,4840,5520,4.5,-9,,
164,0,78.417,31.3,4395,5500,5,0,,
165,0,79.68,30.73,3720,5730,7,-9,,
166,0,-121.68,45.38,1920,3400,3.1,0,,
167,0,-119.28,37.75,3598,-999,0.2,0,,
168,0,-109.88,45.13,3145,-999,0.4,2,,
169,0,-105.65,40.07,3660,3910,0.116,0,,
170,0,-105.63,40.05,3690,4070,0.3,0,,
171,0,-105.64,40.05,-999,-999,0.1,0,,
172,0,-105.65,40.04,3790,3870,0.1,0,,
173,0,-105.65,40.06,3810,4020,0.024,0,,
174,0,-105.63,40.15,3430,3620,0.07,0,,
175,0,-105.68,40.29,3410,3660,0.065,0,,
176,0,-105.66,40.07,3460,3770,0.135,0,,
177,0,-121.35,47.97,1438,1730,0.9,0,,
178,0,-121.17,47.57,1970,2385,0.5,0,,
179,0,-121.2,47.55,-999,-999,0.7,0,,
180,0,-121.17,47.55,1900,2120,0.2,0,,
181,0,-121.62,48.83,1500,1730,0.8,0,,
182,0,-121.18,47.57,1780,2390,0.8,2,,
183,0,-121.77,48.8,1240,2200,1.6,0,,
184,0,-121.57,48.65,1475,1790,0.2,0,,
185,0,-121.03,48.45,1840,2080,0.2,0,,
186,0,37.312,-0.157,4580,4880,0.36,0,,
187,0,137.17,-4.08,4260,4860,2,0,,
188,0,137.17,-4.1,4380,4800,0.9,0,,
189,0,170.92,-43.13,1390,1730,0.8,2,,
190,0,161.62,-77.58,1400,1800,1.4,0,,
191,0,162.87,-77.58,1200,1800,8,0,,
192,0,161.55,-77.6,1170,2040,10,0,,
193,0,-121.5,48,1110,1710,0.2,0,,
194,0,-60.6,-63,110,408,0.4,0,,
195,0,79.9,30.55,4240,5150,2.6,0,,
196,0,77.3,43,3381,4540,0.8,0,,
197,0,77,43,3580,4260,1.9,-9,,
198,0,77,43,3560,4360,1.9,-9,,
199,0,77.45,42.8,3300,5020,38,-9,,
200,0,-63.78,58.95,660,1080,1.4,0,,
201,0,-63.68,58.88,1020,1505,0.9,0,,
202,0,-63.55,58.93,790,1090,0.8,0,,
203,0,-63.53,58.93,690,1150,0.7,0,,
204,0,78.5,31.4,4710,5600,5.2,0,,
205,0,-18.55,64.85,640,1800,248.8,0,,
206,0,-19,64.75,750,1750,51.3,0,,
207,0,-15.58,64.67,680,1564,107.9,0,,
208,0,-14.92,64.72,820,1240,19.4,0,,
209,0,78.49,31.37,4760,5400,2,-9,,
210,0,75.52,34.16,3920,4925,1.7,-9,,
211,0,75.47,34.2,3690,5000,11.9,0,,
212,0,75.43,34.2,3740,4900,9.9,0,,
213,0,-83.34,79.55,550,1250,4.7,0,,
214,0,-83.3,79.55,800,1110,0.4,0,,
215,0,-71.44,80.86,300,2000,297.3,0,,
216,0,-68.17,-16.2,4890,6100,2.1,0,,
217,0,-68.12,-16.35,5125,5395,0.1,0,,
218,0,-130.08,56.25,650,2310,33.4,0,,
219,0,18.68,68.08,1320,1780,3.9,0,,
220,0,13,47.03,2385,3120,2,0,,
221,0,10.1,46.85,2330,3160,2.6,0,,
222,0,10.13,46.85,2460,3140,2.2,0,,
223,0,10.77,46.97,2870,3400,0.7,-9,,
224,0,0.64,42.651,2801,3206,0.49,0,,
225,0,-134.349,58.38,470,1512,9.2,0,,
226,0,-36.53,-54.27,280,600,0.27,0,,
227,0,-36.5,-54.4,0,2000,11.4,1,,
228,0,170.25,-43.58,-999,3176,54.6,0,,
229,0,62.5,76.1,0,860,515,0,,
230,0,140.87,62.6,2023,2728,3.2,0,,
231,0,52.9,80.18,0,365,5.5,1,,
232,0,52.8,80.1,0,580,50,1,,
233,0,-121.07,48.51,-999,-999,1.4,0,,
234,0,-120.71,48.5,-999,-999,0.1,0,,
235,0,-120.83,48.14,-999,-999,0.1,0,,
236,0,-33.5,81.95,1100,1300,600,0,,
237,0,-68.33,-71.05,40,450,6.3,0,,
238,0,80.18,42.136,2800,7439,567.2,0,,
239,0,78.35,41.83,3400,5520,84.1,-9,,
240,0,16.18,78.7,30,1200,199.5,1,,
241,0,14.2,77.95,0,600,17.8,0,,
242,0,14.3,77.95,0,450,10.9,0,,
243,1,20.427,79.977,0,600,2623,1,,
244,0,12.22,79.13,40,1100,92.4,1,,
245,0,-18,64.33,690,1660,308,0,,
246,0,-16.17,64.67,580,1930,1695,0,,
247,0,-17,64.75,730,1990,1040,0,,
248,0,-17.67,64.58,880,2010,313,0,,
249,0,77.92,41.97,4150,4609,9.4,0,,
250,0,-109.58,43.18,3415,4020,3.5,0,,
251,0,-105.63,40.15,3490,3600,0.04,0,,
252,0,-105.65,40.15,3410,3650,0.04,0,,
253,0,-105.65,40.17,3490,3590,0.02,0,,
254,0,-105.67,40.17,3600,3740,0.04,0,,
255,0,-105.67,40.17,3610,3770,0.07,-9,,
256,0,42.78,43.3,3260,4080,3.1,0,,
257,0,86.73,49.81,2108,3830,6.8,-9,,
258,0,86.74,49.81,2050,4506,9.4,-9,,
259,0,-77.3,-9.65,4600,5060,0.9,0,,
260,0,-76.74,-10.49,4590,5610,1.8,0,,
261,0,-64.53,81.93,740,820,3,0,,
262,0,-74,79.67,50,1500,99.2,0,,
263,0,11.23,46.97,2615,3125,1.1,0,,
264,0,-17.33,64.42,1380,1760,160,0,,
265,0,-15.7,64.4,50,1500,312,0,,
266,0,-78.15,-0.48,4800,5760,0.35,0,,
267,0,-73.02,-49.27,1210,2020,0.98,2,,
268,0,6.58,61.42,960,1622,3.8,0,,
269,0,86.57,27.7,4952,5360,0.48,0,,
270,0,-121.53,48.67,1683,1890,0.5,0,,
271,0,-121.12,48.57,1729,2399,1.5,0,,
272,0,-120.8,48.42,1965,2280,0.2,0,,
273,0,-121.25,48.98,2080,2698,0.4,0,,
274,0,92.133,33.167,5380,5926,1.8,0,,
275,0,5.68,61.75,930,1327,3.1,0,,
276,0,7.43,45.52,2900,3170,0.76,0,,
277,0,-70.15,-32.62,4185,4740,0.5,0,,
278,0,18.58,67.9,1400,1800,0.5,0,,
279,0,-145.5,63.27,1325,2100,4,0,,
280,0,-134.278,58.651,20,2160,671,0,,
281,0,12.05,78.67,130,510,2.7,0,,
282,0,-121.83,48.75,1700,2900,2.9,0,,
283,0,-120.9,48.17,1850,2100,0.5,0,,
284,0,162.45,-77.52,440,1600,9.9,0,,
285,0,-63.75,-64.75,0,1600,230,1,,
286,0,94.3,35.75,4790,5520,1.1,0,,
287,0,81.12,35.24,5750,6374,16.4,0,,
288,0,8.43,46.42,2520,3272,2.4,0,,
289,0,-98.62,19.02,4760,5380,0.45,0,,
290,0,-70.13,-33.58,3650,3880,0.4,0,,
291,0,-16.33,64.22,0,1730,540,0,,
292,0,7.68,61.73,1250,1960,13.2,-9,,
293,0,42.77,43.2,3300,3600,0.36,0,,
294,0,42.77,43.2,3200,3700,0.45,0,,
295,0,42.77,43.2,3300,3600,0.21,0,,
296,0,6.87,45.55,2740,3000,0.2,0,,
297,0,-134.52,58.5,20,1600,120,2,,
298,0,101.93,29.58,2980,7514,25.7,0,,
299,0,87.68,50.12,-999,-999,0.24,-9,,
300,0,17.655,67.172,1050,1850,9.91,0,,
301,0,21.94,70.24,500,1080,2.7,-9,,
302,0,-59.04,-62.2,0,252,14,0,,
303,0,16.38,67.13,830,1680,24,0,,
304,0,17.693,67.415,970,1790,6.731,0,,
305,0,18.54,67.89,1410,1870,1.4,-9,,
306,0,8.575,61.554,1550,2150,3.484,-9,,
307,0,8.31,61.6,1415,2200,5.9,-9,,
308,0,6.44,60.09,1065,1610,4.5,-9,,
309,0,14.43,77.83,0,600,48.7,1,,
310,0,-36.7,82.8,100,1320,116.44,0,,
311,0,-68.41,-54.78,950,1160,0.09,0,,
312,0,87.77,49.78,2480,3860,16.85,0,,
313,0,-20.3,64.62,430,1330,925,0,,
314,0,7.47,60.57,1380,1862,6.7,0,,
315,0,-68.83,81.35,965,1092,3.94,0,,
316,0,-69.25,81.35,950,1103,3.28,0,,
317,0,-179.03,66.51,700,900,0.8,0,,
318,0,-57.42,-63.82,75,630,12.9,0,,
319,0,-37.8,65.68,180,930,17.6,0,,
320,0,-68.42,-54.78,940,1170,1,0,,
321,0,-68.15,-16.28,4970,5392,0.49,0,,
322,0,12.05,78.4,110,650,4.15,0,,
323,0,16.1,67.3,788,1537,11.6,-9,,
324,0,-121.72,46.85,1522,4330,11.17,-9,,
325,0,-121.74,46.82,1400,4330,4.6,0,,
326,0,-17.88,64.18,650,1700,380,0,,
327,0,6.37,60.07,1236,1659,3.61,-9,,
328,0,6.4,60.08,1051,1659,8.94,2,,
329,0,83.5,28.833,5295,5990,4.76,-9,,
330,0,12.95,47.05,2547,3080,0.9,-9,,
331,0,12.47,47.03,2349,2820,1.49,-9,,
332,0,10.62,46.47,2640,3450,2.03,0,,
333,0,169.44,-44.07,1705,2390,2.54,-9,,
334,0,-121.77,48.82,1620,2070,0.8,0,,
335,0,164.03,-74.7,20,330,0.47,0,,
336,0,165,-75,-55,250,0.3,0,,
337,0,6.63,45.28,2600,3580,2.76,0,,
338,0,-72.03,-39.92,1603,2422,5.1,0,,
339,0,12.695,47.102,2070,3700,19.78,0,,
340,0,11.2,46.95,2530,3470,9.42,-9,,
341,0,163.09,-77.54,50,-999,52.24,0,,
342,0,163.51,-77.76,350,1060,7.98,0,,
343,0,14.08,77.97,30,600,7.6,0,,
344,0,-58.41,-62.08,120,230,0.09,0,,
345,0,-64.28,-65.25,0,55,0.15,1,,
346,0,-165.34,65.02,580,780,0.28,0,,
347,0,-105.69,40.3,3610,3675,0.043,0,,
348,0,-105.66,40.22,3610,3765,0.058,0,,
349,0,78.81,30.85,3890,6000,7,0,,
350,0,77.5,32.2,4050,6263,17.7,0,,
351,0,8.98,46.83,2546,2980,0.73,0,,
352,0,90.645,30.476,5515,6090,1.786,0,,
353,0,90.467,30.183,5525,6040,1.4,0,,
354,0,-0.144,42.771,2700,3200,0.84,0,,
355,0,77.37,32.24,4040,4683,3.458,0,,
356,0,12.452,42.471,2670,2839,0.02,0,,
357,0,-77.633,-8.963,4700,6000,5.97,2,,
358,0,7.853,46.007,2320,4200,19.09,0,,
359,0,12.217,78.647,80,850,11.4,0,,
360,0,-149.252,60.168,524,1412,6.148,0,,
361,0,-136.418,59.4,860,1682,1.799,0,,
362,0,-149.844,63.451,1280,2180,1.8,0,,
363,0,-145.785,61.168,753,2008,7.266,0,,
364,0,11.85,47.02,2231,3320,4.9,0,,
365,0,11.82,47,2100,3210,4.2,0,,
366,0,11.83,47,2214,3310,4.1,0,,
367,0,11.77,46.98,2331,3500,5.6,2,,
368,0,11.15,46.98,2331,3500,4.8,0,,
369,0,11.2,46.98,2342,3420,1.9,0,,
370,0,10.77,46.85,2064,3518,18.2,0,,
371,0,10.83,46.85,2785,3500,3,0,,
372,0,-159.28,60.12,350,1425,6,0,,
373,0,-143.8,69.23,1450,2240,4.6,0,,
374,0,-143.8,69.27,1630,2330,1.6,0,,
375,0,-144.32,69.3,1330,2270,7.1,0,,
376,0,-143.7,69.3,1510,2100,1.1,0,,
377,0,-138.9,59.85,1710,2330,0.8,0,,
378,0,-143.7,69.28,1540,2300,1.8,0,,
379,0,-147.7,69.28,1360,2270,1.2,0,,
380,0,-143.98,69.17,1480,2330,8.8,0,,
381,0,-144.05,69.17,1420,2330,11,0,,
382,0,-143.7,69.19,1570,2100,1.9,0,,
383,0,-149.909,59.984,0,1874,141.553,1,,
384,0,-149.765,60.05,3,1749,198.091,2,,
385,0,-150.429,59.865,265,1882,55.97,0,,
386,0,-150.441,59.707,268,1830,74.85,0,,
387,0,-149.741,60.156,122,1604,37.3,0,,
388,0,-149.979,59.901,6,1619,97.125,1,,
389,0,-150.548,59.7,579,1519,20.755,0,,
390,0,-150.38,59.7,0,1000,31.5,1,,
391,0,-150.251,59.808,102,1950,110.053,1,,
392,0,-149.98,60,0,1000,15.4,1,,
393,0,-150.098,59.882,0,1754,50.299,1,,
394,0,-150.04,60.12,133,1820,171.454,2,,
395,0,-150.238,59.968,67,1915,308,0,,
396,0,-144.906,60.78,66,1848,189.244,2,,
397,0,-145.675,61.025,932,1791,8,0,,
398,0,-148.389,61.174,61,2918,219.444,2,,
399,0,-145.605,60.995,569,1984,33.751,0,,
400,0,-147.4,61.4,0,-999,324,1,,
401,0,-148.2,61.4,-999,-999,209,0,,
402,0,-148.2,61.4,-999,-999,242,0,,
403,0,-147.909,61.473,410,3993,161.596,0,,
404,0,-147.6,61.7,-999,-999,102,0,,
405,0,-147.6,61.7,-999,-999,170,0,,
406,0,-146.926,61.558,730,3663,237.897,0,,
407,0,-145.198,60.696,115,1897,141.058,0,,
408,0,-145.089,60.637,49,1886,92.229,2,,
409,0,9.699,46.3,2180,3360,9.37,0,,
410,0,-145.8,61.2,-999,-999,19,0,,
411,0,-146.612,61.486,541,2893,373.04,2,,
412,0,-145.843,61.307,850,2027,40.893,0,,
413,0,-145.967,61.262,777,2010,23.501,0,,
414,0,-146.214,61.301,65,2350,137.956,2,,
415,0,-145.306,60.999,139,2175,167.667,2,,
416,0,-145.756,60.94,338,2027,49.911,0,,
417,0,-147.5,61.3,0,-999,175,1,,
418,0,-138.442,59.505,88,1744,206.951,0,,
419,0,-139.066,59.702,123,1630,55.677,0,,
420,0,-137.112,58.501,-999,-999,30.526,0,,
421,0,-137.207,58.546,-999,-999,101.724,0,,
422,0,-137.412,58.759,0,-999,36.667,1,,
423,0,-137.171,58.804,0,-999,105.366,1,,
424,0,-137.26,59.17,0,-999,274.344,1,,
425,0,-137.436,58.934,0,1640,158.238,1,,
426,0,-132.703,57.475,0,-999,321.584,1,,
427,0,-132.965,57.936,0,-999,280.611,1,,
428,0,-132.917,57.792,0,-999,344.632,1,,
429,0,-138.85,59.533,-999,-999,344.915,2,,
430,0,-132,57.02,-999,-999,19.476,2,,
431,0,-132.173,56.814,-999,-999,33.009,2,,
432,0,-138.433,59.69,-999,-999,288.864,2,,
433,0,-132.832,57.683,-999,-999,23.948,2,,
434,0,-138,59.05,20,4190,352.333,2,,
435,0,-133.934,58.671,-999,-999,122.857,2,,
436,0,-134.061,58.811,-999,-999,135.226,2,,
437,0,-134.204,59.001,684,2347,449.525,2,,
438,0,-136.825,58.567,12,3161,549.286,2,,
439,0,-136.915,58.78,0,2179,103.674,1,,
440,0,-132.273,56.98,0,2840,448.145,1,,
441,0,-136.814,58.746,0,3056,62.952,1,,
442,0,-132.356,57.248,9,2913,366.957,0,,
443,0,-142.072,60.461,3,5381,3025,2,,
444,0,-146.528,63.469,722,3081,234.583,0,,
445,0,-152.698,60.702,77,1975,204.168,2,,
446,0,-147.107,63.657,948,3734,90.905,0,,
447,0,-153.19,60.853,367,2378,104.778,0,,
448,0,-139.501,60.427,0,5889,2834.493,1,,
449,0,-151.229,62.833,264,5134,479.521,0,,
450,0,-139.114,60.7,752,3597,1053.721,0,,
451,0,-140.63,59.71,-999,-999,3190,0,,
452,0,-143.295,61.883,870,4166,1028.799,0,,
453,0,-153.475,60.781,491,1262,31.701,0,,
454,0,-152.825,61.065,350,2404,125.008,2,,
455,0,9.647,46.301,2160,3340,6.2,0,,
456,0,-152.872,60.935,166,2301,158.24,2,,
457,0,-149.67,63.43,-999,-999,9,0,,
458,0,-132.268,57.442,565,3089,57.604,0,,
459,0,-153.634,60.795,936,2290,16.67,0,,
460,0,-153.103,60.124,33,2976,92.965,0,,
461,0,7.644,46.024,2180,3360,2.48,0,,
462,0,-60.356,-62.669,0,380,5.24,0,,
463,0,-60.397,-62.684,0,350,5.62,1,,
464,0,6.456,60.205,-999,-999,17,0,,
465,0,6.46,60.147,1100,1570,5.3,0,,
466,0,6.419,60.097,-999,-999,7,0,,
467,0,-105.63,40.15,3430,3620,0.146,0,,
468,0,77.717,32.167,3900,6200,867.9,0,,
469,0,86.9,27.7,4940,6420,5.1,0,,
470,0,-20.3,64.62,460,1440,920,0,,
471,0,0.624,42.657,2923,3039,0.027,0,,
472,0,0.654,42.638,2855,3325,1.068,0,,
473,0,0.661,42.634,2899,3332,0.225,0,,
474,0,0.666,42.629,2792,3085,0.288,0,,
475,0,0.669,42.625,2854,3122,0.128,0,,
476,0,0.676,42.62,2877,2990,0.015,0,,
477,0,0.639,42.648,2928,3021,0.02,0,,
478,0,0.639,42.642,3110,3215,0.023,0,,
479,0,0.655,42.634,2984,3213,0.106,0,,
480,0,0.662,42.637,3001,3108,0.021,0,,
481,0,-73.1,-52.8,0,1682,199.5,0,,
482,0,16.533,78.98,170,900,41.5,0,,
483,0,10.823,46.79,2580,3500,7.15,0,,
484,1,79.688,42.135,-999,-999,596.519,-9,,
485,0,10.067,46.85,2360,3100,1.06,0,,
486,0,8.033,46.5,1506,4158,100.4,0,,
487,0,8.1,46.492,-999,-999,1.8,0,,
488,0,8.117,46.475,-999,-999,1.64,0,,
489,0,8.058,46.433,-999,-999,1.39,0,,
490,0,8.025,46.425,-999,-999,2.65,0,,
491,0,7.967,46.417,2134,3890,26.77,0,,
492,0,7.933,46.067,2840,3240,0.8,0,,
493,0,7.918,46.059,2680,3860,2.89,0,,
494,0,7.933,46.05,2316,4190,10.62,0,,
495,0,7.933,46.017,2660,3650,7.43,0,,
496,0,7.95,46.002,2560,3280,2,0,,
497,0,7.965,46.002,2650,2950,0.32,0,,
498,0,7.983,46,2628,2935,0.44,0,,
499,0,8,46.017,2628,3025,0.76,0,,
500,0,7.924,46.029,2980,3340,0.25,0,,
501,0,7.924,46.029,-999,-999,0.4,0,,
502,0,10.983,46.8,2270,3420,11.865,0,,
503,0,37.315,-0.15,4708,4692,0.06,0,,
504,0,11,47.717,2180,2580,0.27,0,,
505,0,10.967,47.4,2460,2700,0.22,0,,
506,0,12.933,47.55,1920,2370,0.2,0,,
507,0,12.85,47.567,1980,2170,0.16,0,,
508,0,137.16,-4.07,-999,-999,5.7,0,,
509,0,85.618,28.237,5128,5749,1.61,0,,
510,0,71.32,41.82,3600,5000,424.7,0,,
511,0,-17.9,64.25,650,2010,1360,0,,
512,0,-77.25,-9.86,4675,5580,2.666,0,,
513,0,-77.245,-9.87,4800,5580,0.509,0,,
514,0,-77.235,-9.84,4725,5488,1.305,0,,
515,0,-73.349,-46.492,230,3910,32,2,,
516,0,-73.449,-46.561,40,3500,61,2,,
517,0,-73.539,-46.579,10,3910,110,2,,
518,0,-73.633,-46.704,0,3910,718,1,,
519,0,-73.673,-46.849,30,2798,798,2,,
520,0,-73.698,-46.933,-999,-999,13,0,,
521,0,-73.696,-46.968,-999,-999,34,2,,
522,0,-73.661,-47.048,30,2300,159,2,,
523,0,-73.753,-47.141,50,3365,135,0,,
524,0,-73.812,-47.3,30,1750,270,2,,
525,0,-73.68,-47.386,25,3365,424,2,,
526,0,-73.601,-47.409,450,2548,63,0,,
527,0,-73.419,-47.408,200,2300,23,0,,
528,0,-73.391,-47.355,140,3005,64,2,,
529,0,-73.361,-47.302,246,3867,20,0,,
530,0,-73.414,-47.232,400,3365,59,0,,
531,0,-73.475,-47.121,140,3365,184,2,,
532,0,-73.336,-46.93,420,2798,128,2,,
533,0,-73.287,-46.879,350,3050,38,0,,
534,0,-73.278,-46.789,303,3078,55,2,,
535,0,-73.284,-46.65,340,3725,21,2,,
536,0,-73.281,-46.586,250,3910,72,0,,
537,0,-73.58,-48.44,0,2640,510,1,,
538,0,-73.79,-48.48,45,1655,92,2,,
539,0,-73.65,-48.69,0,2408,525,2,,
540,0,-74.875,-48.805,0,2408,578,2,,
541,0,-73.95,-48.91,-999,3380,387,2,,
542,0,-73.63,-49.03,-999,3380,57,2,,
543,0,-74.69,-49.26,0,3380,1208,1,,
544,0,-73.47,-50.52,0,2950,45,1,,
545,0,-73.44,-50.61,0,2950,126,1,,
546,0,-73.26,-50.71,0,-999,126,1,,
547,0,-73.47,-50.78,0,-999,138,1,,
548,0,-73.56,-50.85,0,2179,100,1,,
549,0,-73.52,-50.92,0,-999,158,1,,
550,0,-73.39,-51.4,-999,-999,36,2,,
551,0,-73.42,-51.1,50,2025,318,2,,
552,0,-73.4,-50.98,120,2025,48,2,,
553,0,-73.35,-50.84,100,2344,243,2,,
554,0,-73.209,-50.867,-999,-999,12,0,,
555,0,-73.21,-50.77,240,2378,65,2,,
556,0,-73.08,-50.69,240,2747,28,0,,
557,0,-73.155,-50.504,-999,-999,255.4,2,,
558,0,-73.37,-49.72,175,3180,836,2,,
559,0,-73.35,-49.35,250,-999,891,2,,
560,0,-73.23,-49.14,285,-999,220,2,,
561,0,-73.4,-48.91,285,3380,787,2,,
562,0,-73.29,-48.575,300,3067,138,2,,
563,0,-73.14,-48.52,285,3017,50,2,,
564,0,-73.26,-48.46,151,3017,60,2,,
565,0,-73.37,-48.45,27,3067,146,2,,
566,0,-73.71,-49.55,-999,-999,56,2,,
567,0,-73.59,-49.63,0,2257,147,1,,
568,0,-73.58,-49.74,0,2656,234,1,,
569,0,-73.66,-49.87,0,2446,77,1,,
570,0,-73.76,-49.99,0,-999,153,1,,
571,0,-73.74,-50.13,0,3180,431,1,,
572,0,-73.71,-50.28,0,-999,512,1,,
573,0,-73.74,-50.36,0,-999,38,1,,
574,0,21.685,70.13,-999,1050,5.1,0,,
575,0,8.9,46.85,2540,3240,5.127,0,,
576,0,7.3,45.98,2190,4310,15.996,0,,
577,0,7.38,46,2525,3830,5.549,2,,
578,0,7.8,45.97,2150,4610,38.247,0,,
579,0,8.37,46.67,1710,3505,15.335,0,,
580,0,8.22,46.57,1930,4090,22.727,0,,
581,0,8.07,46.58,1090,4100,20.6,0,,
582,1,-79.08,82.003,0,-999,27666,1,,
583,1,-75.019,80.225,0,-999,17523,1,,
584,1,-93.795,79.944,0,2120,8267,0,,
585,1,-78.853,78.277,0,2010,19325,1,,
586,1,-82.445,76.694,0,-999,9165,1,,
587,1,-81.975,75.192,0,1921,12794,1,,
588,1,-66.006,67.179,0,1900,6508,1,,
589,1,98.002,38.638,-999,-999,1821.7,0,,
590,0,73.619,-53.086,20,1300,4.279,0,,
591,0,66.05,67.78,665,1150,0.978,0,,
592,0,65.75,67.59,535,-999,0.27,0,,
593,0,66.02,67.8,620,-999,0.65,0,,
594,0,65.88,67.4,-999,-999,0.65,0,,
595,0,65.68,68.03,640,900,0.41,0,,
596,0,65.67,68.05,690,950,0.39,0,,
597,0,66.05,67.62,530,900,0.11,0,,
598,0,66.08,67.62,650,750,0.15,0,,
599,1,79.465,42.282,-999,-999,124.239,-9,,
600,0,12.193,78.772,0,750,409,1,,
601,0,11.038,78.643,0,750,111,1,,
602,0,14.105,77.907,0,950,202,0,,
603,0,16.425,78.126,50,1200,456,0,,
604,0,17.987,77.768,0,950,1011,1,,
605,0,16.332,77.639,100,850,527,0,,
606,0,15.55,77.231,0,850,1903,1,,
607,0,37.311,-0.149,4618,4802,0.021,0,,
608,0,37.306,-0.153,4647,4834,0.023,0,,
609,0,37.308,-0.151,4995,5150,0.003,0,,
610,0,37.306,-0.149,4820,4980,0.015,0,,
611,0,37.304,-0.15,4725,4860,0.015,0,,
612,0,37.302,-0.149,4518,4790,0.065,0,,
613,0,37.302,-0.147,4620,4780,0.018,0,,
614,0,37.301,-0.146,4620,4750,0.006,0,,
615,0,37.306,-0.148,4700,4820,0.009,0,,
616,0,7.317,60.75,1400,1700,7.45,0,,
617,0,7.478,60.728,1440,1630,0.3,0,,
618,0,22.627,79.658,0,680,664.2,1,,
619,0,13.183,78.967,0,1361,296,1,,
620,0,12.5,79.617,30,750,9.5,0,,
621,0,11.725,78.9,30,550,5.2,0,,
622,0,11.925,78.903,75,575,2.45,0,,
623,0,117.577,56.889,2145,2480,0.701,0,,
624,0,-113.805,48.628,2257,2790,0.86,0,,
625,0,-141.437,61.248,518,4987,512.357,0,,
626,0,-141.75,60.18,237,2708,270,1,,
627,0,-141.7,60.1,0,-999,170,1,,
628,0,-141.091,61.392,1122,4958,958.616,0,,
629,0,-140.703,60.73,779,5924,1177.246,0,,
630,0,-143.513,60.497,2,3104,743.599,2,,
631,0,-142.174,60.615,469,2816,1003,2,,
632,0,-138.7,59.98,-999,-999,407,0,,
633,0,-140.388,60.88,792,5241,718.416,0,,
634,0,-138.883,59.704,89,1562,79.665,0,,
635,0,-141.716,60.329,4,3638,1019.101,1,,
636,0,15.483,77.017,220,540,0.689,0,,
637,0,-126.071,51.949,-999,-999,495.9,2,,
638,0,-126.07,51.445,150,2800,860.9,2,,
639,0,-125.294,51.384,-999,-999,706.3,2,,
640,0,-124.528,51.104,-999,-999,573.15,2,,
641,0,-123.787,50.854,-999,-999,607.4,2,,
642,0,6.383,44.933,2315,4014,0.599,0,,
643,0,6.26,59.98,832,1636,22.5,0,,
644,0,6.3,59.98,1013,1636,22.8,0,,
645,0,-75.22,4.48,4700,4870,0.33,0,,
646,0,-72.3,6.45,4700,5300,7.347,0,,
647,0,77.7,32.16,-999,-999,131.1,0,,
648,0,9.393,46.963,2630,2780,0.24,0,,
649,0,79.05,30.772,6400,3895,6.722,0,,
650,0,77.15,35.35,3450,7742,987.1,0,,
651,0,7.219,45.473,2650,3210,0.75,0,,
652,0,-20.5,74.23,330,1250,5.599,0,,
653,0,-70.019,-29.332,5080,5235,0.071,0,,
654,0,-70.024,-29.33,5025,5200,0.066,0,,
655,0,-70.037,-29.33,4965,5145,0.041,0,,
656,0,-70.007,-29.325,4985,5350,1.836,0,,
657,0,96.92,29.226,4650,5974,11.71,-9,,
658,0,96.9,29.283,4910,5625,2.04,-9,,
659,0,96.9,29.3,5130,5265,0.21,-9,,
660,0,96.983,29.383,5000,5635,2.512,-9,,
661,0,85.817,28.467,5690,6060,1.9,0,,
662,0,97.017,29.35,5160,5460,0.47,-9,,
663,0,95.73,29.757,3800,5679,2.74,-9,,
664,0,86.868,28,-999,-999,17,0,,
665,0,86.87,27.95,-999,-999,4,0,,
666,0,86.894,27.941,-999,-999,1.95,0,,
667,0,86.924,27.933,-999,-999,6.5,0,,
668,0,86.942,27.9,-999,-999,10.7,2,,
669,0,86.935,27.874,-999,-999,1.5,0,,
670,0,86.884,27.872,-999,-999,2.2,0,,
671,0,8.35,61.67,1839,1993,0.171,0,,
672,0,-137.514,59.176,5,3760,429.059,2,,
673,0,12.09,46.9,2610,3300,1.975,0,,
674,0,10.108,46.431,2835,3150,0.43,0,,
675,0,9.99,46.076,2350,2790,0.3,0,,
676,0,9.361,46.506,2645,2900,0.41,0,,
677,0,7.51,46.388,2320,2960,9.8,0,,
678,0,7.227,46.322,2440,3020,3.78,0,,
679,0,75.728,36.067,2850,7800,5615,0,,
680,0,86.801,28.039,-999,-999,39.59,0,,
681,0,69.1,-49.35,0,1049,500.9,0,,
682,0,11.25,46.667,-999,-999,109.65,0,,
683,1,24.344,79.735,0,791,8105,1,,
684,0,-8.467,71.052,80,2200,43,0,,
685,0,-72.66,-15.546,5770,6446,122.7,0,,
686,1,-15.382,81.222,0,960,8500,1,,
687,0,-125.924,51.546,150,2800,505.649,2,,
688,0,14.25,77.95,35,700,38.3,0,,
689,0,-69.65,-29.85,4920,5120,0.162,0,,
690,0,-69.646,-29.9,4925,5160,0.232,0,,
691,0,-70,-28.28,5100,5300,0.269,0,,
692,0,-69.98,-28.3,4900,5530,1.063,0,,
693,1,56.035,80.748,0,620,12700,1,,
694,1,58.378,74.061,0,1547,22100,1,,
695,1,97.521,79.511,0,965,15970,1,,
696,1,79.469,80.816,0,294,320,1,,
697,1,90.79,81.107,0,280,410,1,,
698,0,97.767,38.517,4280,5827,492.9,0,,
699,1,12.656,79.156,0,1700,6300,1,,
700,1,18.242,79.107,0,1500,8630,1,,
701,1,17.72,77.421,0,1150,4760,1,,
702,1,22.312,77.891,0,660,2680,1,,
703,0,96.533,39.433,4200,5481,21.91,0,,
704,0,21.85,77.6,10,560,263,0,,
705,1,32.471,80.184,0,370,700,1,,
706,1,73.764,35.946,-999,-999,9350,0,,
707,1,77.704,35.203,-999,-999,21750,0,,
708,1,76.304,33.653,-999,-999,4900,0,,
709,1,80.561,30.746,-999,-999,14550,0,,
710,1,88.072,28.082,-999,-999,9550,0,,
711,1,-81.93,79.955,0,2620,104600,1,,
712,1,-73.176,68.932,0,-999,42000,1,,
713,0,21.35,77.032,20,570,84,0,,
714,0,-23.767,64.833,637,1428,12.5,0,,
715,1,-78.489,73.269,0,-999,4875,1,,
716,1,-65.052,65.543,0,-999,7588,1,,
717,1,-76.675,71.589,0,-999,16121,1,,
718,0,91.45,30.867,5376,6210,1.6,-9,,
719,0,81.333,30.45,5465,7520,7.8,-9,,
720,0,75.05,38.233,5235,5940,0.96,-9,,
721,0,-137,59.5,-999,-999,3465,1,,
722,0,-132.5,56.8,-999,-999,10162,1,,
723,0,-127.5,53.2,-999,-999,2424,1,,
724,0,-124.8,51,-999,-999,8037,1,,
725,0,-129.5,56.8,-999,-999,715,1,,
726,0,-125.2,58.5,-999,-999,493,1,,
727,0,-119.4,53.1,-999,-999,357,1,,
728,0,-116.5,51.5,-999,-999,849,1,,
729,0,-115.8,50.8,-999,-999,2326,1,,
730,0,-130.5,57,100,3000,1477,0,,
731,0,-124,50.75,100,3000,1406,0,,
732,1,-149.753,68.305,-999,-999,598,0,,
733,1,-153.286,61.486,-999,-999,15834,0,,
734,1,-149.244,60.084,-999,-999,4351,0,,
735,1,-147.204,61.372,-999,-999,9149,0,,
736,1,-140.249,60.483,-999,-999,45905,0,,
737,1,-133.666,58.085,-999,-999,12026,0,,
738,0,171.526,-42.89,1690,1880,0.23,0,,
739,0,10.11,46.42,2840,3180,0.323,0,,
740,0,6.81,45.84,1800,-999,4.73,0,,
741,0,-50.33,66.28,730,1420,185.4,0,,
742,1,-22.827,73.326,-999,-999,8795,1,,
743,1,-25.987,70.408,-999,-999,13757,1,,
744,1,-30.843,67.961,-999,-999,3080,1,,
745,1,-39.048,63.877,-999,-999,7056,1,,
746,1,-49.056,63.359,-999,-999,8492,1,,
747,1,-52.505,69.333,-999,-999,5045,1,,
748,1,-55.87,73.297,-999,-999,729,1,,
749,1,-66.103,76.516,-999,-999,4340,1,,
750,1,-23.054,81.362,-999,-999,34992,1,,
751,1,-19.414,77.262,-999,-999,3039,1,,
752,0,10.9,46.833,2100,3800,144.2,0,,
753,0,10.617,46.433,2300,3905,100.3,0,,
754,0,-57.95,-63.933,220,520,2.69,0,,
755,0,11.118,46.985,2700,3200,1.715,0,,
756,0,95.395,30.424,2630,6860,1303,0,,
757,0,90.25,28.151,4390,7480,1384,0,,
758,0,86.904,27.947,4260,8380,1461,0,,
759,0,82.77,29.27,3950,6870,908,0,,
760,0,77.716,32.186,3780,6360,2110,0,,
761,0,73.748,36.807,2717,6385,793,0,,
762,0,76.7,35.652,3230,7770,5328,0,,
763,0,75.542,36.16,2910,7920,5434,0,,
764,0,72.001,38.998,2800,7090,3178,0,,
765,0,-149.9,68.3,1250,2210,42,0,,
766,0,-19.603,63.622,200,1610,80,0,,
767,0,-19.005,63.896,750,1150,13.5,0,,
768,0,-19.59,63.79,700,1420,15,0,,
769,0,13.8,66.655,-999,-999,28.8,2,,
770,0,13.7,66.657,-999,-999,16.5,0,,
771,0,14.05,66.678,-999,-999,12,2,,
772,0,13.6,66.665,-999,-999,11.7,0,,
773,0,13.95,66.674,-999,-999,11.5,0,,
774,0,13.65,66.669,-999,-999,7.7,0,,
775,0,13.059,47.424,2490,2850,1.724,0,,
776,0,-22.232,66.148,-999,925,150,0,,
777,0,12.367,47.083,2690,3400,3.08,0,,
778,0,13.6,47.467,2150,2900,3.04,0,,
779,0,-135.837,59.073,176,2231,156.836,0,,
780,0,-135.595,59.05,49,2032,100.452,2,,
781,0,-136.26,59.17,49,1916,114.988,1,,
782,0,-136.475,59.221,85,2027,80.284,1,,
783,0,-136.841,59.189,20,2190,405,0,,
784,0,-136.812,59.292,730,2060,117,0,,
785,0,-137.827,58.803,9,4684,212,0,,
786,0,-137.598,59.15,0,3730,565,1,,
787,0,-137.463,59.215,200,2350,82,2,,
788,0,-137.697,59.295,259,2634,69.161,2,,
789,1,-136.614,58.916,0,4670,6428,1,,
790,0,77.89,41.97,3870,4640,6.5,-9,,
791,0,77.93,41.99,3830,4780,8.5,2,,
792,0,77.96,42.01,3765,4205,4,0,,
793,0,77.96,42,4350,4680,4.85,0,,
794,0,77.96,41.98,4330,4580,3.2,0,,
795,0,77.97,41.99,4250,4580,4,0,,
796,0,78.29,42.1,3520,4750,25.9,-9,,
797,0,78.23,42.07,4060,4660,7.345,-9,,
798,0,78.2,42.05,3980,4720,10.845,-9,,
799,0,78.17,42.05,3888,4590,5.8,0,,
800,0,78.15,42.04,3864,4960,5.9,2,,
801,0,89.133,33.9,5300,6300,408.88,0,,
802,0,89.073,33.989,-999,-999,48.92,0,,
803,0,89.128,33.951,-999,-999,52.13,0,,
804,0,89.204,33.941,-999,-999,30.745,0,,
805,0,89.255,33.964,-999,-999,16.8,0,,
806,0,89.288,33.956,-999,-999,4.58,0,,
807,0,89.258,33.934,-999,-999,12.82,0,,
808,0,89.239,33.905,-999,-999,24.91,0,,
809,0,89.183,33.872,-999,-999,37.465,0,,
810,0,89.143,33.901,-999,-999,76.8,0,,
811,0,89.082,33.952,-999,-999,31.875,0,,
812,0,92.096,33.016,-999,-999,82,0,,
813,0,101.83,37.52,4140,4777,1.385,0,,
814,0,-69.567,-54.617,-999,-999,132.93,1,,
815,0,-70.05,-54.65,-999,-999,127.42,1,,
816,0,-69.25,-54.85,-999,-999,116.06,0,,
817,0,-69.025,-54.766,-999,-999,102.04,0,,
818,0,-69.917,-54.64,-999,-999,63.86,1,,
819,0,-69.134,-54.614,-999,-999,56.83,0,,
820,0,-69.94,-54.57,-999,-999,53.22,0,,
821,0,-69.5,-54.733,-999,-999,45.61,1,,
822,0,-69.833,-54.783,-999,-999,29.81,0,,
823,1,-69.47,-54.568,-999,-999,1322,1,,
824,1,-70.434,-54.606,-999,-999,1283,1,,
825,0,-73.371,-50.041,-999,-999,49.6,2,,
826,0,-73.227,-50.426,-999,-999,177.3,2,,
827,0,-73.24,-48.627,-999,-999,125.2,2,,
828,0,-73.604,-50.673,-999,-999,30.1,1,,
829,0,-73.645,-51.04,-999,-999,36.9,2,,
830,0,-73.55,-51.277,-999,-999,70.5,2,,
831,0,-73.684,-49.006,-999,-999,36.9,2,,
832,0,-73.116,-49.226,-999,-999,16,2,,
833,0,-73.149,-48.587,-999,-999,32,2,,
834,0,-74.018,-48.848,-999,-999,446.3,2,,
835,0,-73.41,-50.109,-999,-999,68.3,2,,
836,0,-73.528,-51.36,-999,-999,12.3,2,,
837,0,-73.353,-50.245,-999,-999,141.6,2,,
838,0,-73.95,-48.719,-999,-999,104,2,,
839,0,-73.5,-49.4,0,-999,12118,2,,
840,0,13.2,79,0,1400,390,1,,
841,1,78.886,42.187,-999,-999,177.638,-9,,
842,0,8.196,46.57,-999,-999,-9,0,,
843,0,79.98,41.92,2861,7439,327.4,0,,
844,0,80.25,41.92,3210,-999,114.8,0,,
845,0,80.11,41.77,2999,6435,62.5,0,,
846,0,80.22,41.83,3357,-999,11.7,0,,
847,0,80.3,41.99,3861,-999,7.5,0,,
848,0,79.96,41.77,3930,-999,6.2,0,,
849,0,80.25,41.97,3803,-999,5.3,0,,
850,0,80.5,41.95,3867,-999,3.4,0,,
851,0,80.24,41.8,3537,-999,4.7,0,,
852,0,80.2,41.78,3446,-999,9.4,0,,
853,0,-117.314,52.157,-999,-999,216,0,,
854,0,-133.36,58.38,-999,-999,416,0,,
855,0,-125.898,51.643,-999,-999,10.7,0,,
856,0,-125.957,51.635,-999,-999,11,0,,
857,0,-126.036,51.591,-999,-999,28.8,0,,
858,0,-126.08,51.554,-999,-999,25.2,0,,
859,0,-126.146,51.494,-999,-999,22.7,0,,
860,0,-126.204,51.463,-999,-999,30,0,,
861,0,-126.271,51.466,-999,-999,11,0,,
862,0,-126.324,51.467,-999,-999,4.3,0,,
863,0,-126.357,51.465,-999,-999,7.7,0,,
864,0,-126.219,51.441,-999,-999,20,0,,
865,0,-126.154,51.411,-999,-999,10.3,0,,
866,0,-125.987,51.362,-999,-999,50.5,0,,
867,0,-126.04,51.359,-999,-999,21.9,0,,
868,0,-125.943,51.275,-999,-999,31.8,0,,
869,0,-125.711,51.703,-999,-999,6.4,0,,
870,0,-125.933,51.663,-999,-999,6.2,0,,
871,0,-125.953,51.676,-999,-999,2,0,,
872,0,-125.961,51.657,-999,-999,4.3,0,,
873,0,-125.979,51.612,-999,-999,5.7,0,,
874,0,-125.995,51.595,-999,-999,9.6,0,,
875,0,-126.155,51.602,-999,-999,3,0,,
876,0,-126.169,51.536,-999,-999,3,0,,
877,0,-126.203,51.551,-999,-999,3.5,0,,
878,0,-126.17,51.378,-999,-999,3.3,0,,
879,0,-126.128,51.382,-999,-999,12.7,0,,
880,0,-126.092,51.354,-999,-999,5.5,0,,
881,0,-126.092,51.317,-999,-999,2.7,0,,
882,0,-125.939,51.3,-999,-999,4.3,0,,
883,0,-125.906,51.291,-999,-999,3.4,0,,
884,0,-64.24,59.534,-999,-999,1.15,0,,
885,0,-64,59.528,-999,-999,0.32,0,,
886,0,-64.054,59.522,-999,-999,0.88,0,,
887,0,-109.691,43.001,3350,3980,2.5,0,,
888,0,86.8,27.9,5430,5690,0.1,0,,
889,0,78.129,33.185,5660,6090,1.06,0,,
890,0,78.151,41.799,3730,4710,7.9,-9,,
891,0,7.87,46.01,3420,3840,2.47,-9,,
892,0,8.6,46.6,2580,2905,0.44,-9,,
893,0,7.21,46.33,2650,2890,0.72,-9,,
894,0,-122.872,50.089,-999,-999,0.73,0,,
895,0,-122.935,49.941,-999,-999,2.48,0,,
896,0,-122.716,50.124,-999,-999,2.95,0,,
897,0,-122.915,49.929,-999,-999,8.33,0,,
898,0,-122.8,50.044,-999,-999,1.06,0,,
899,0,-122.802,50.006,-999,-999,3.81,0,,
900,0,-122.806,50.042,-999,-999,2.14,0,,
901,0,-122.79,49.932,-999,-999,4.63,0,,
902,0,-122.844,50.096,-999,-999,0.48,0,,
903,0,-122.794,50.024,-999,-999,1.47,0,,
904,0,-122.88,49.905,-999,-999,4.18,0,,
905,0,-122.992,49.835,-999,-999,9.19,0,,
906,0,-122.7,49.983,-999,-999,7.61,0,,
907,0,-122.977,49.865,-999,-999,7.87,0,,
908,0,-122.783,50.035,-999,-999,1.32,0,,
909,0,-122.71,50.15,-999,-999,4.37,0,,
910,0,-122.725,50.14,-999,-999,4.73,0,,
911,0,-122.826,50.018,-999,-999,3.49,0,,
912,0,-122.958,49.892,-999,-999,1.13,0,,
913,0,-122.969,49.882,-999,-999,1.08,0,,
914,0,-122.78,50.043,-999,-999,0.87,0,,
915,0,-122.959,49.856,-999,-999,6.39,0,,
916,0,-122.785,50.059,-999,-999,4.16,0,,
917,0,-122.789,50.068,-999,-999,2.73,0,,
918,0,-122.849,50.089,-999,-999,2.57,0,,
919,0,-122.955,49.918,-999,-999,6.09,0,,
920,0,-122.814,50.061,-999,-999,3.22,0,,
921,0,-122.834,50.066,-999,-999,1.86,0,,
922,0,-122.726,49.963,-999,-999,5.15,0,,
923,0,-123.006,49.877,-999,-999,9.68,0,,
924,0,-122.764,50.147,-999,-999,11.31,0,,
925,0,-122.8,50.15,-999,-999,3.64,0,,
926,0,7.274,45.556,3080,3505,0.62,0,,
927,0,8.613,46.598,2600,2840,0.18,0,,
928,0,9.825,46.409,2980,3360,0.281,0,,
929,0,12.338,47.125,2480,3400,2.17,0,,
930,0,12.161,78.871,75,619,5.016,0,,
931,0,85.556,28.239,4004,7132,6.4,0,,
932,0,85.652,28.272,4174,6648,11.5,0,,
933,0,85.699,28.347,4393,6739,53.5,0,,
934,0,85.76,28.193,4321,6946,23.5,0,,
935,0,-147.579,63.594,830,3734,83.656,0,,
936,0,-150.121,63.369,1238,2644,9.496,0,,
937,0,-149.89,63.378,1290,2440,7.656,0,,
938,0,-152.059,62.674,213,3150,195.803,0,,
939,0,-152.338,62.609,389,2132,46.549,0,,
940,0,-153.399,60.865,573,2124,51.692,0,,
941,0,-149.666,63.427,1191,2375,6.422,0,,
942,0,-145.449,63.321,808,2734,59.601,0,,
943,0,-150.864,62.825,261,4334,204.342,0,,
944,0,-151.444,62.802,488,3740,176.235,0,,
945,0,-149.97,62.964,337,3700,406.128,0,,
946,0,-150.679,62.912,192,4820,335.936,0,,
947,0,-145.453,63.489,782,3020,83.953,0,,
948,0,-142.598,61.803,648,3296,304.151,0,,
949,1,78.585,41.979,-999,-999,344.055,-9,,
950,0,-151.722,62.791,263,3393,211.148,0,,
951,0,-143.043,61.573,399,4432,292.531,0,,
952,0,-150.413,63.351,795,6165,331.578,0,,
953,0,-152.624,61.045,41,2312,255,2,,
954,1,78.119,41.853,-999,-999,113.178,-9,,
955,0,-140.428,60.177,6,5943,3362.656,0,,
956,0,86.869,28.023,-999,-999,20.19,0,,
957,0,-147.588,61.677,475,3883,307.521,0,,
958,0,-139.824,60.979,1000,4511,448,0,,
959,0,-140.181,61.242,1164,5059,254.841,0,,
960,0,-144.147,60.631,41,3411,421.012,2,,
961,0,-138.558,59.81,225,2439,200.394,2,,
962,0,-138.645,60.283,475,4124,582.83,2,,
963,0,-148.139,61.338,40,3647,427.281,2,,
964,0,-141.143,60.196,4,5289,121.133,1,,
965,0,86.938,28.046,-999,-999,42.23,0,,
966,0,-139.44,60.074,0,4598,345.363,1,,
967,0,-141.728,60.103,6,2044,178.632,1,,
968,0,-134.871,59.409,821,2208,40.313,0,,
969,0,-134.416,59.146,847,2322,81.626,0,,
970,0,-138.651,59.562,28,1669,238.307,2,,
971,0,-138.939,59.611,48,1381,139.565,2,,
972,0,-138.354,59.667,203,2322,178.164,2,,
973,0,-134.689,59.153,104,2297,461.384,2,,
974,0,-134.46,59.003,84,2287,192.91,2,,
975,0,-134.404,58.867,107,2359,229.99,2,,
976,0,74.433,42.5,3612,4045,3.5,0,,
977,0,74.53,42.462,3374,4236,5.2,0,,
978,0,74.547,42.486,3668,4385,3.7,0,,
979,0,74.544,42.51,3356,4694,4.8,0,,
980,0,74.556,42.52,3721,4577,2.2,0,,
981,0,-64.061,-65.829,0,-999,1737.4,5,,
982,0,-63.572,-65.395,0,-999,1479.8,1,,
983,0,-63.049,-65.278,0,-999,1123.8,1,,
984,0,-63.63,-64.588,0,-999,2156.9,1,,
985,0,-62.218,-64.899,0,-999,1163.1,1,,
986,0,-62.322,-64.282,0,-999,916.8,1,,
987,0,-61.643,-64.727,0,-999,505.5,1,,
988,0,-60.759,-64.371,0,-999,1512.6,1,,
989,0,-60.343,-64.103,0,-999,1369.9,1,,
990,0,-59.566,-63.982,0,-999,800.9,1,,
991,0,-58.65,-63.659,0,-999,1571.5,1,,
992,0,-57.292,-63.287,0,-999,987.7,1,,
993,0,-56.955,-63.557,0,-999,363.9,1,,
994,0,-55.904,-63.24,0,-999,2336.4,1,,
995,0,-57.382,-63.863,0,-999,175.7,1,,
996,0,-57.247,-64.498,0,-999,312.5,1,,
997,0,-57.486,-64.122,0,-999,524.5,1,,
998,0,-57.822,-64.254,0,-999,568.5,1,,
999,0,-58.12,-64.033,0,-999,707.7,6,,
1000,0,-58.259,-63.672,0,-999,1347,1,,
1001,0,-58.947,-64.104,0,-999,1177.3,6,,
1002,0,-59.602,-64.189,0,-999,807.9,6,,
1003,0,-59.913,-64.264,0,-999,822.7,6,,
1004,0,-60.273,-64.415,0,-999,227.6,6,,
1005,0,-60.614,-64.537,0,-999,363.6,6,,
1006,0,-61.116,-64.74,0,-999,963.4,6,,
1007,0,-61.203,-64.884,0,-999,491.7,5,,
1008,0,-59.689,-65.163,0,-999,162.3,1,,
1009,0,-62.11,-65.084,0,-999,1146.2,6,,
1010,0,-62.166,-65.216,0,-999,299.1,6,,
1011,0,-62.348,-65.32,0,-999,596.8,6,,
1012,0,-62.669,-65.456,0,-999,1314.8,6,,
1013,0,-62.357,-65.527,0,-999,663.4,5,,
1014,0,-62.291,-65.636,0,-999,435.3,5,,
1015,0,-62.802,-65.697,0,-999,1247.3,5,,
1016,0,-63.083,-65.893,0,-999,1841.9,5,,
1017,0,-120.467,53.03,1810,2827,9.5,0,,[402 403]                                                       
1018,0,-120.466,53.045,2360,2590,0.109,0,,
1019,0,-120.468,53.053,2246,2733,0.653,0,,
1020,0,-120.122,52.962,2187,2633,1.609,0,,
1021,0,-120.188,52.931,1991,2789,3.049,0,,
1022,0,-120.064,52.896,2137,2708,4.625,0,,
1023,1,78.335,41.617,-999,-999,170.184,-9,,
1024,0,-120.123,52.884,1868,2745,14.782,0,,
1025,0,13.448,46.366,2145,2215,0.009,0,,
1026,0,10.759,46.81,2750,3550,1.3,0,,
1027,0,10.766,46.819,2900,3450,0.8,0,,
1028,0,-16.94,64.2,-999,-999,28.9,2,,
1029,0,-16.84,64.16,-999,-999,84.1,2,,
1030,0,-16.82,64.05,-999,-999,33.2,0,,
1031,0,-16.62,64.01,-999,-999,23.2,2,,
1032,0,-16.58,64.02,-999,-999,12.2,0,,
1033,0,-16.62,64.04,-999,-999,44.6,2,,
1034,0,-15.9,64.28,-999,-999,100.6,0,,
1035,0,-15.85,64.34,-999,-999,99.7,2,,
1036,0,-15.75,64.41,-999,-999,169.8,2,,
1037,1,78.846,41.736,-999,-999,139.58,-9,,
1038,0,-15.55,64.55,-999,-999,36.3,0,,
1039,0,75.225,38.255,-999,-999,54.5,0,,
1040,0,75.233,38.272,-999,-999,9.4,0,,
1041,0,75.175,38.297,-999,-999,6.5,0,,
1042,0,75.101,38.308,-999,-999,7.3,0,,
1043,0,75.079,38.288,-999,-999,8.5,0,,
1044,0,75.084,38.279,-999,-999,11.1,0,,
1045,0,75.077,38.257,-999,-999,15.4,0,,
1046,0,75.071,38.24,-999,-999,8.2,0,,
1047,0,75.092,38.214,-999,-999,12.8,0,,
1048,0,75.075,38.189,-999,-999,2.6,0,,
1049,0,75.156,38.175,-999,-999,16.5,0,,
1050,0,75.171,38.163,-999,-999,5.8,0,,
1051,0,75.103,38.25,-999,-999,274.3,0,,
1052,1,79.865,42.711,-999,-999,13700,-9,,
1053,0,-66.538,62.274,190,850,146.1,0,,
1054,0,-66.805,62.572,0,825,106.33,1,,
1055,0,-109.691,43.001,3700,3985,1.761,0,,
1056,1,9.331,46.655,-999,-999,27.3,-9,,
1057,1,8.975,47.091,-999,-999,16,-9,,
1058,1,8.439,46.929,-999,-999,75.7,-9,,
1059,1,7.817,46.914,-999,-999,174.5,-9,,
1060,1,7.579,46.211,-999,-999,569.2,-9,,
1061,0,8.017,46.168,-999,-999,8.8,-9,,
1062,0,8.483,46.417,-999,-999,3,-9,,
1063,0,8.738,46.465,-999,-999,2.2,-9,,
1064,0,9.678,46.317,-999,-999,13,-9,,
1065,0,9.98,46.374,-999,-999,6.9,-9,,
1066,1,10.075,46.638,-999,-999,46.4,-9,,
1067,1,93.753,30.294,-999,-999,6000,-9,,
1068,1,91.977,28.39,-999,-999,3500,-9,,
1069,1,86.737,28.406,-999,-999,8500,-9,,
1070,1,81.097,30.078,-999,-999,7500,-9,,
1071,1,76.812,33.515,-999,-999,9500,-9,,
1072,1,76.235,35.899,-999,-999,21000,-9,,
1073,1,71.881,36.212,-999,-999,5500,-9,,
1074,1,72.728,38.382,-999,-999,6500,-9,,
1075,1,78.39,36.496,-999,-999,12500,-9,,
1076,1,85.749,34.913,-999,-999,464,-9,,
1077,1,90.79,35.93,-999,-999,1491,-9,,
1078,1,92.172,33.064,-999,-999,1859,-9,,
1079,1,82.009,31.102,-999,-999,2371,-9,,
1080,1,88.821,28.6,-999,-999,6632,-9,,
1081,0,-121.738,46.885,1433,4363,9.01,0,,
1082,0,-121.773,46.901,1084,3782,8.43,0,,
1083,0,-121.789,46.896,1980,3058,2.98,0,,
1084,0,-121.723,46.878,2110,2921,0.7,0,,
1085,0,-121.814,46.904,2016,2439,0.53,0,,
1086,0,-121.758,46.895,-999,-999,0.3,0,,
1087,0,-121.801,46.825,1509,3856,2.01,0,,
1088,0,-121.77,46.83,1857,4308,1.54,0,,
1089,0,-121.747,46.824,1433,4360,1.54,0,,
1090,0,-121.717,46.818,2125,2757,0.76,0,,
1091,0,-121.731,46.828,2511,3067,0.88,0,,
1092,0,-121.76,46.816,2185,2833,0.55,0,,
1093,0,-121.79,46.822,2141,2913,0.57,0,,
1094,0,-121.78,46.827,2087,3368,0.54,0,,
1095,0,-121.707,46.809,2000,2123,0.16,0,,
1096,1,78.953,41.503,-999,-999,24.913,-9,,
1097,0,-121.714,46.832,1623,4308,3.77,0,,
1098,0,-121.714,46.832,1623,4308,3.59,0,,
1099,0,-121.684,46.853,2110,3017,3.42,0,,
1100,0,-121.692,46.841,2265,3153,2.1,0,,
1101,0,-121.67,46.836,1799,2584,1.1,0,,
1102,0,-121.634,46.856,1872,2073,0.46,0,,
1103,0,-121.805,46.838,1583,4380,7.69,0,,
1104,0,-121.81,46.881,1516,3853,5.65,0,,
1105,0,-121.811,46.859,1509,3927,4.23,0,,
1106,0,-121.826,46.848,1652,3146,3.59,0,,
1107,0,-121.813,46.868,2128,3085,1.24,0,,
1108,0,-121.75,46.85,-999,-999,3.93,0,,
1109,1,76.012,36.133,-999,-999,1107.23,-9,,
1110,1,-26.134,70.855,-999,-999,16570.137,-9,,
1111,1,-38.242,64.594,-999,-999,4996.377,-9,,
1112,1,-44.72,61.124,-999,-999,4186.028,-9,,
1113,1,-51.252,65.989,-999,-999,6617.374,-9,,
1114,1,-52.912,70.516,-999,-999,4988.455,-9,,
1115,1,-63.414,75.702,-999,-999,4956.137,-9,,
1116,1,80.038,34.239,-999,-999,90.989,-9,,
1117,1,79.876,34.083,-999,-999,53.24,-9,,
1118,1,79.429,33.962,-999,-999,56.826,-9,,
1119,1,79.575,34.256,-999,-999,95.268,-9,,
1120,0,80.18,42.24,3320,6995,158.6,0,,
1121,0,89.95,27.94,4900,5200,0.3,0,,
1122,1,78.318,42.222,-999,-999,132.879,-9,,
1123,1,78.718,42.37,-999,-999,50.583,-9,,
1124,1,79.021,42.438,-999,-999,26.112,-9,,
1125,1,79.405,42.541,-999,-999,110.491,-9,,
1126,1,80.139,42.392,-999,-999,137.031,-9,,
1127,1,80.381,42.447,-999,-999,170.731,-9,,
1128,1,80.745,42.471,-999,-999,13.487,-9,,
1129,1,80.862,42.587,-999,-999,21.281,-9,,
1130,1,81.279,42.677,-999,-999,303.213,-9,,
1131,1,81.217,42.093,-999,-999,251.08,-9,,
1132,1,80.721,42.129,-999,-999,1196.029,-9,,
1133,1,80.634,41.879,-999,-999,166.368,-9,,
1134,1,80.343,41.88,-999,-999,514.181,-9,,
1135,1,79.955,41.693,-999,-999,128.517,-9,,
1136,1,79.9,41.852,-999,-999,469.241,-9,,
1137,1,79.451,41.939,-999,-999,274.913,-9,,
1138,0,86.868,28.094,-999,-999,53.61,0,,
1139,1,15.808,78.948,-999,-999,78.65,0,,
1140,1,16.311,78.738,-999,-999,159.55,0,,
1141,1,15.716,78.571,-999,-999,63.98,0,,
1142,0,16.263,78.73,170,780,3.98,0,,
1143,0,16.107,78.73,220,780,3.62,0,,
1144,0,16.188,78.716,240,760,2.54,0,,
1145,0,16.297,78.708,240,665,1.17,0,,
1146,0,16.365,78.684,240,695,0.5,0,,
1147,0,16.52,78.774,250,550,1.34,0,,
1148,0,12.302,47.113,2063,3570,11.57,0,,
